{
    "D_0": [
        0.00190074,
        0.00190074,
        0.00190074,
        0.00190074,
        0.00190074,
        0.00190074
    ],
    "E_0": [
        0.00067033,
        0.00067033,
        0.00067033,
        0.00067033,
        0.00067033,
        0.00067033
    ],
    "I_A_0": [
        0.00120986,
        0.00120986,
        0.00120986,
        0.00120986,
        0.00120986,
        0.00120986
    ],
    "I_S_0": [
        9.283e-5,
        9.283e-5,
        9.283e-5,
        9.283e-5,
        9.283e-5,
        9.283e-5
    ],
    "N": [
        2.6446435e7,
        2.6446435e7,
        2.6446435e7,
        2.6446435e7,
        2.6446435e7,
        2.6446435e7
    ],
    "N_grid_size": [
        500,
        500,
        500,
        500,
        500,
        500
    ],
    "R_0": [
        0.532520194,
        0.532520194,
        0.532520194,
        0.532520194,
        0.532520194,
        0.532520194
    ],
    "S_0": [
        0.463606046,
        0.463606046,
        0.463606046,
        0.463606046,
        0.463606046,
        0.463606046
    ],
    "T": [
        80.0,
        80.0,
        80.0,
        80.0,
        80.0,
        80.0
    ],
    "V_0": [
        0.0,
        0.0,
        0.0,
        0.0,
        0.0,
        0.0
    ],
    "X_vac_interval": [
        0.0,
        0.0,
        0.0,
        0.0,
        0.0,
        0.0
    ],
    "alpha_a": [
        0.16750419,
        0.16750419,
        0.16750419,
        0.16750419,
        0.16750419,
        0.16750419
    ],
    "alpha_s": [
        0.09250694,
        0.09250694,
        0.09250694,
        0.09250694,
        0.09250694,
        0.09250694
    ],
    "beta_a": [
        0.25152105,
        0.25152105,
        0.25152105,
        0.25152105,
        0.25152105,
        0.25152105
    ],
    "beta_s": [
        0.36328215,
        0.36328215,
        0.36328215,
        0.36328215,
        0.36328215,
        0.36328215
    ],
    "delivery_time_u_a": [
        -3.0,
        -3.0,
        -3.0,
        -3.0,
        -3.0,
        -3.0
    ],
    "delivery_time_u_b": [
        25.0,
        25.0,
        25.0,
        25.0,
        25.0,
        25.0
    ],
    "delta_e": [
        0.19607843,
        0.19607843,
        0.19607843,
        0.19607843,
        0.19607843,
        0.19607843
    ],
    "delta_r": [
        0.0111111,
        0.0111111,
        0.0111111,
        0.0111111,
        0.0111111,
        0.0111111
    ],
    "epsilon": [
        0.5,
        0.5,
        0.5,
        0.5,
        0.5,
        0.5
    ],
    "k_stock": [
        0.0,
        104931.00158113563,
        642039.9232806796,
        300015.65714779973,
        296110.607738174,
        417941.6085204393
    ],
    "low_stock": [
        2000.0,
        2000.0,
        2000.0,
        2000.0,
        2000.0,
        2000.0
    ],
    "mu": [
        3.913894e-5,
        3.913894e-5,
        3.913894e-5,
        3.913894e-5,
        3.913894e-5,
        3.913894e-5
    ],
    "omega_v": [
        0.005555556,
        0.005555556,
        0.005555556,
        0.005555556,
        0.005555556,
        0.005555556
    ],
    "p": [
        0.1213,
        0.1213,
        0.1213,
        0.1213,
        0.1213,
        0.1213
    ],
    "psi_v": [
        0.0006734235772506801,
        0.0006734235772506801,
        0.0006734235772506801,
        0.0006734235772506801,
        0.0006734235772506801,
        0.0006734235772506801
    ],
    "stock_u_a": [
        -1000.0,
        -1000.0,
        -1000.0,
        -1000.0,
        -1000.0,
        -1000.0
    ],
    "stock_u_b": [
        1000.0,
        1000.0,
        1000.0,
        1000.0,
        1000.0,
        1000.0
    ],
    "t_delivery": [
        0.0,
        136.87458711090395,
        189.37015472354466,
        271.007838441206,
        365.4067932851827,
        445.718500415878
    ],
    "theta": [
        0.11,
        0.11,
        0.11,
        0.11,
        0.11,
        0.11
    ]
}